Age,Weight_kg
56,57.0
69,92.6
46,78.8
32,57.8
60,54.3
25,73.8
78,76.1
38,76.8
56,54.2
75,70.2
36,63.8
40,65.5
28,56.7
28,67.4
41,54.7
70,73.2
53,70.4
57,75.6
41,72.5
20,47.4
39,49.4
70,87.4
19,61.6
41,57.9
61,87.3
47,68.4
55,81.6
19,59.0
77,97.5
38,82.0
50,65.8
29,71.2
75,82.7
39,78.4
78,67.6
61,78.6
42,76.3
66,55.8
44,54.5
76,56.2
80,75.1
59,78.3
45,81.7
77,77.6
33,79.1
32,48.7
79,60.5
79,77.0
64,76.6
79,77.2
68,53.3
61,70.9
72,62.2
69,81.0
74,79.6
20,49.2
54,64.4
68,63.4
24,59.3
38,74.0
26,50.7
56,75.2
35,58.1
21,51.0
42,64.6
77,66.5
31,56.6
67,61.7
75,95.9
26,60.9
43,59.0
70,76.8
19,57.2
37,61.9
45,72.8
64,80.3
77,71.6
24,54.2
61,69.0
78,54.2
25,45.1
64,86.4
52,85.3
31,59.7
34,68.9
53,72.3
67,104.5
57,81.7
21,57.7
19,48.8
79,61.5
23,61.6
71,67.4
59,56.9
21,52.5
71,64.1
46,83.8
80,86.7
35,63.4
43,80.8
61,72.5
51,59.9
27,76.1
79,82.9
53,58.8
31,60.3
48,58.8
65,59.2
32,71.7
25,79.3
31,48.2
40,70.7
77,70.4
74,71.0
79,71.6
57,61.8
38,64.9
33,54.5
62,74.8
35,62.9
64,70.3
70,65.6
41,59.6
43,73.6
42,70.7
77,67.1
77,77.9
77,84.4
62,55.4
58,76.2
46,60.3
32,68.2
62,64.4
18,40.0
42,49.4
24,60.4
26,63.2
41,56.3
18,64.4
61,55.1
25,59.6
41,53.2
80,71.3
28,61.7
68,65.4
34,59.3
25,70.3
52,63.1
52,77.2
50,56.9
76,81.9
22,73.7
59,46.4
56,62.2
75,82.0
58,68.8
45,70.4
24,53.9
26,61.4
25,58.7
29,73.2
51,71.1
50,71.6
65,68.9
72,70.4
40,60.7
79,81.5
41,61.2
54,72.4
52,89.6
61,80.5
57,67.2
39,76.7
44,62.2
52,48.5
18,47.9
52,50.2
54,66.0
64,72.9
31,78.9
20,61.9
18,55.8
22,67.6
43,43.9
72,77.6
80,85.5
31,47.4
56,81.6
44,69.7
26,56.4
32,68.8
32,85.2
43,67.8
59,73.6
77,72.3
30,53.3
68,82.3
80,69.3
49,68.6
56,65.4
66,78.1
69,77.7
78,87.6
49,62.8
21,56.3
47,57.5
54,65.1
40,68.8
56,77.7
62,62.9
32,71.2
60,85.0
46,71.1
53,88.0
30,54.1
49,55.5
24,42.1
76,91.5
68,80.5
39,64.2
45,69.4
19,47.1
59,95.6
62,73.4
79,78.6
74,83.2
70,79.5
23,61.8
45,58.7
45,71.4
61,90.6
61,85.2
37,80.0
47,62.2
79,67.6
28,59.9
75,76.8
72,86.2
45,49.7
42,81.0
56,68.6
79,73.3
50,58.1
18,41.5
74,84.2
44,67.1
79,64.6
74,63.0
69,71.0
30,78.5
58,68.2
20,43.6
56,67.7
23,56.9
25,40.0
44,65.8
26,58.3
79,84.5
54,88.0
50,79.5
68,71.3
59,60.1
61,97.5
41,66.0
32,62.6
76,76.3
71,76.9
49,66.5
49,62.2
41,59.9
58,70.5
69,68.9
66,66.2
79,78.6
66,70.8
75,91.3
69,47.8
29,72.4
79,90.0
56,49.4
19,54.9
20,54.9
66,59.3
54,61.7
66,62.3
73,93.1
34,72.5
76,89.3
66,80.6
19,47.0
19,53.1
45,71.5
71,62.7
40,72.2
54,67.1
49,64.2
50,75.3
18,62.4
36,60.2
79,89.1
19,47.5
70,80.8
61,77.7
43,62.9
49,71.2
23,47.1
49,77.2
72,73.4
21,53.7
72,85.8
28,54.2
73,61.5
76,61.0
34,69.2
80,65.0
55,87.4
41,44.5
22,76.2
69,76.4
51,67.6
23,54.2
39,68.7
28,60.8
80,88.9
65,74.2
33,64.3
50,64.6
26,60.0
77,80.0
76,59.5
23,46.1
33,70.2
46,68.7
20,56.8
37,64.3
77,80.4
76,71.2
53,61.4
36,65.7
43,56.2
20,62.7
80,60.8
36,74.1
37,68.8
49,70.5
24,69.7
69,91.0
58,80.9
50,49.8
57,57.7
56,63.9
35,63.7
57,75.7
18,50.7
28,63.1
45,59.1
74,69.8
42,51.6
67,64.4
40,51.5
48,57.8
47,77.8
59,61.6
52,95.2
24,64.9
77,78.7
33,54.2
43,73.0
65,67.3
74,77.1
69,99.9
77,75.9
66,84.9
19,51.3
18,57.7
65,90.7
79,71.3
29,79.6
22,66.4
54,63.9
49,74.2
76,86.3
72,81.5
26,44.9
58,63.5
52,66.4
36,63.0
65,79.2
33,64.6
20,45.3
37,67.9
41,71.5
71,80.6
73,86.4
50,76.6
41,70.0
69,73.6
28,44.6
66,77.7
25,62.3
53,71.9
55,57.1
57,59.7
37,74.6
79,77.1
52,75.7
65,73.3
79,77.8
42,75.1
52,63.7
42,66.6
46,62.3
35,59.1
63,69.3
35,65.7
19,53.5
71,87.5
52,59.9
33,60.9
78,72.8
58,85.3
53,71.2
50,78.6
21,44.1
50,70.9
31,71.1
38,65.2
65,83.7
37,58.9
73,89.7
25,83.2
24,56.3
20,54.2
34,77.7
50,84.0
65,67.8
29,57.3
76,73.7
68,60.6
39,55.5
72,65.2
39,57.0
63,72.1
47,69.6
55,85.3
55,59.9
62,81.9
68,71.9
71,74.5
25,67.0
44,55.1
44,70.1
51,70.2
38,69.3
47,70.2
50,92.8
45,60.3
64,67.4
50,62.0
22,53.7
77,70.5
78,89.1
65,87.2
36,58.1
21,50.6
52,73.6
66,67.8
34,69.4
61,73.8
45,51.5
47,82.8
46,84.9
63,66.3
70,70.8
23,62.5
52,72.2
77,83.5
58,90.9
54,67.8
41,57.4
46,53.2
66,66.1
63,72.1
70,92.6
48,62.4
52,71.1
77,76.7
50,80.1
69,99.6
80,72.5
78,72.3
38,74.8
49,74.7
40,83.5
50,74.1
20,55.0
35,69.3
42,76.8
59,79.3
48,72.7
71,85.6
75,87.9
20,72.5
57,77.0
63,70.7
41,66.8
67,85.7
49,59.8
64,76.4
39,60.8
40,65.3
19,71.1
80,79.8
44,66.8
59,57.5
19,65.8
43,72.5
34,84.8
57,67.4
50,70.4
26,63.1
60,87.2
71,74.0
65,75.8
56,76.2
46,68.8
59,66.7
72,77.2
43,76.7
52,58.6
67,75.0
42,58.7
41,77.3
30,46.6
77,71.3
75,80.0
24,75.6
74,75.3
53,63.6
62,90.9
37,49.6
18,40.0
25,64.6
63,67.4
33,52.6
31,69.2
29,64.0
68,68.4
40,52.2
32,71.2
45,73.1
51,67.6
19,76.8
49,57.2
40,49.8
80,70.9
39,64.3
68,76.4
42,63.3
75,79.8
80,65.3
79,92.0
78,76.4
39,75.9
75,79.7
75,80.8
39,70.4
66,77.8
69,80.7
59,84.4
23,61.6
32,69.6
71,74.1
60,85.8
77,70.1
54,87.5
50,67.8
25,45.9
70,75.9
77,70.1
61,80.2
61,65.2
22,54.8
56,51.3
21,54.4
23,40.0
62,56.2
49,75.5
69,82.2
47,71.5
64,63.1
52,68.4
72,75.2
57,58.9
69,89.4
33,71.6
30,59.6
67,73.9
77,79.0
59,50.7
47,64.8
36,56.9
34,53.1
73,72.8
80,95.8
36,70.2
45,60.9
75,82.0
72,89.3
43,75.2
54,70.1
43,59.5
70,81.6
79,81.5
40,74.0
80,84.2
26,71.1
29,56.2
70,87.8
18,60.0
75,97.0
75,69.3
18,75.4
64,74.7
51,62.0
49,63.1
79,74.3
71,79.2
65,78.3
42,59.9
57,70.2
62,93.5
70,91.9
18,62.4
33,63.2
78,78.4
56,76.3
80,67.6
22,56.7
39,48.0
46,71.0
72,81.8
20,53.8
29,77.3
43,53.7
33,48.2
68,76.2
54,80.0
39,81.6
74,71.3
46,77.7
31,61.8
45,64.9
22,68.1
64,79.2
66,57.6
47,82.0
63,86.2
79,71.3
69,78.3
22,64.2
29,64.1
33,57.3
43,59.3
43,65.7
65,84.8
38,69.8
56,66.5
53,76.9
50,40.0
79,89.0
47,49.9
54,65.9
40,53.8
75,63.3
27,72.5
71,70.3
22,62.7
53,68.7
51,73.3
69,75.1
48,54.8
27,70.8
75,71.3
36,48.2
75,72.0
49,82.9
18,66.5
73,72.1
22,55.8
62,68.9
21,79.7
33,66.6
41,69.7
33,73.1
72,77.7
19,55.7
66,71.4
45,65.9
49,67.5
44,73.6
37,64.6
41,72.7
29,60.7
67,74.5
52,48.9
77,86.0
50,71.7
50,78.2
78,48.2
68,94.9
60,70.0
54,80.6
29,51.1
20,64.8
18,47.5
50,62.0
57,89.6
27,59.0
60,73.6
61,80.5
46,71.9
30,63.3
29,65.2
48,91.6
63,71.8
19,60.3
78,87.7
68,85.1
67,85.6
52,75.3
40,53.6
34,79.5
43,54.5
25,63.3
46,59.4
43,65.4
27,64.2
43,69.2
79,81.7
51,84.7
68,78.5
58,68.4
24,69.6
21,70.9
75,64.0
70,80.6
67,80.7
62,69.1
28,75.0
46,65.5
73,76.9
53,67.5
42,65.8
38,53.4
78,62.8
74,91.9
53,60.7
27,51.0
54,48.0
26,54.2
41,52.1
52,85.3
66,83.5
52,62.0
65,95.6
53,79.0
35,60.2
66,48.4
56,93.1
49,54.0
41,48.9
40,75.3
79,101.9
49,81.8
54,75.2
29,67.5
66,81.9
72,82.9
30,64.7
40,66.1
42,65.1
52,61.3
58,68.0
47,50.4
34,62.1
66,63.5
79,66.5
37,65.9
65,87.0
42,74.9
39,49.0
30,51.9
76,86.0
36,53.9
66,71.1
53,74.7
29,51.8
78,78.3
58,57.5
36,57.7
29,64.7
26,44.6
24,64.3
45,66.4
31,67.7
48,69.8
69,88.0
36,65.0
75,71.9
64,73.9
33,68.2
70,75.1
22,59.7
52,61.9
29,54.9
42,51.7
69,91.8
76,64.1
38,57.5
53,62.0
70,83.6
40,62.1
33,75.3
74,69.2
56,72.9
62,63.7
70,96.1
59,59.2
75,79.3
56,76.5
31,66.3
48,65.7
75,74.9
22,59.7
52,67.4
40,74.7
46,89.1
60,65.9
28,47.5
35,62.6
64,98.5
29,53.5
26,77.0
27,77.7
75,70.7
61,77.4
34,79.4
78,73.4
55,67.8
24,54.1
63,62.3
30,55.3
57,58.2
59,71.5
26,52.9
67,76.0
44,50.8
75,79.5
19,66.7
22,40.0
46,70.7
54,81.8
55,57.7
36,80.5
25,64.4
65,66.0
62,71.5
18,63.6
39,65.5
69,79.7
34,53.9
80,79.5
24,45.8
42,64.6
62,63.0
21,51.6
53,81.6
23,70.5
77,83.0
48,56.7
36,60.6
78,89.3
61,73.2
71,98.2
56,74.1
44,68.2
27,57.8
43,67.3
36,62.2
56,77.2
79,87.1
20,50.8
62,58.8
30,43.5
67,78.8
45,55.6
79,56.0
75,80.1
37,89.0
45,66.6
25,68.6
78,78.0
80,76.9
58,80.0
56,67.3
18,60.7
20,61.9
30,55.2
45,76.6
79,75.8
74,68.4
80,83.2
77,67.9
66,73.6
42,65.6
73,86.5
50,73.0
55,69.6
70,82.8
23,73.5
75,81.8
61,71.9
62,59.0
49,57.3
62,69.0
78,71.1
64,70.9
38,65.0
33,68.1
71,74.3
38,69.3
28,61.8
77,57.1
54,60.1
53,67.8
52,56.8
36,69.8
37,79.4
74,88.1
35,61.3
64,87.6
58,72.3
66,70.0
31,56.0
32,59.5
48,63.7
18,59.7
70,76.2
71,75.0
71,79.3
20,70.5
33,72.3
40,50.2
74,50.4
28,70.5
29,47.9
27,58.6
49,56.2
33,44.8
25,65.7
55,77.4
29,55.8
41,40.0
45,61.2
70,78.6
25,45.5
75,78.1
45,66.5
53,75.0
43,67.2
25,50.5
75,88.2
77,75.3
67,73.4
45,57.3
45,62.2
54,60.7
58,69.1
53,86.3
44,52.6
71,58.8
80,92.6
34,61.0
26,53.9
50,78.6
70,68.6
37,82.3
30,68.6
45,61.8
65,94.6
46,60.9
30,69.3
63,75.4
52,81.9
78,92.8
23,59.9
35,55.9
68,78.6
22,52.5
